Date,Date (unix),Id,Players,Time,Seconds,Link,Game,relative time
2021-03-29,1616976000.0,yo9g467y,KylieKyubi,1h 28m 30s,5310.0,https://www.speedrun.com/crash4/runs/yo9g467y,crash4Any%.csv,
2021-03-29,1616976000.0,zp3e3kgm,CalebOseaYo,1h 25m 43s,5143.0,https://www.speedrun.com/crash4/runs/zp3e3kgm,crash4Any%.csv,-167.0
2021-04-04,1617494400.0,y8v7gwwz,leleo8000,1h 25m 35s,5135.0,https://www.speedrun.com/crash4/runs/y8v7gwwz,crash4Any%.csv,-8.0
2021-04-05,1617580800.0,zgx54eem,leleo8000,1h 24m 08s,5048.0,https://www.speedrun.com/crash4/runs/zgx54eem,crash4Any%.csv,-87.0
2021-04-12,1618185600.0,y6d3jd6m,Jordy_925,1h 22m 37s,4957.0,https://www.speedrun.com/crash4/runs/y6d3jd6m,crash4Any%.csv,-91.0
2021-04-14,1618358400.0,zp1qn7rz,Damosk,1h 20m 22s,4822.0,https://www.speedrun.com/crash4/runs/zp1qn7rz,crash4Any%.csv,-135.0
2021-04-22,1619049600.0,mr1ejngz,Damosk,1h 18m 59s,4739.0,https://www.speedrun.com/crash4/runs/mr1ejngz,crash4Any%.csv,-83.0
2021-04-27,1619481600.0,zxg29xgy,Damosk,1h 18m 20s,4700.0,https://www.speedrun.com/crash4/runs/zxg29xgy,crash4Any%.csv,-39.0
2021-05-05,1620172800.0,zn1or13m,MrJavi94,1h 17m 57s,4677.0,https://www.speedrun.com/crash4/runs/zn1or13m,crash4Any%.csv,-23.0
2021-05-17,1621209600.0,zn10vnvm,MrJavi94,1h 17m 25s,4645.0,https://www.speedrun.com/crash4/runs/zn10vnvm,crash4Any%.csv,-32.0
2021-05-21,1621555200.0,yjgxxv7y,Jordy_925,1h 16m 39s,4599.0,https://www.speedrun.com/crash4/runs/yjgxxv7y,crash4Any%.csv,-46.0
2021-07-23,1626998400.0,y994g7vy,MrJavi94,1h 16m 32s,4592.0,https://www.speedrun.com/crash4/runs/y994g7vy,crash4Any%.csv,-7.0
2021-08-10,1628553600.0,yo6jdl7y,MrJavi94,1h 16m 05s,4565.0,https://www.speedrun.com/crash4/runs/yo6jdl7y,crash4Any%.csv,-27.0
2021-08-16,1629072000.0,yj5l7gom,MrJavi94,1h 15m 44s,4544.0,https://www.speedrun.com/crash4/runs/yj5l7gom,crash4Any%.csv,-21.0
2021-09-20,1632096000.0,mrnrpe8y,MrJavi94,1h 15m 23s,4523.0,https://www.speedrun.com/crash4/runs/mrnrpe8y,crash4Any%.csv,-21.0
2021-09-23,1632355200.0,zqved48m,MrJavi94,1h 14m 55s,4495.0,https://www.speedrun.com/crash4/runs/zqved48m,crash4Any%.csv,-28.0
2021-09-29,1632873600.0,m77009wm,MrJavi94,1h 14m 43s,4483.0,https://www.speedrun.com/crash4/runs/m77009wm,crash4Any%.csv,-12.0
2021-11-28,1638057600.0,mrn3wd4y,MrJavi94,1h 14m 09s,4449.0,https://www.speedrun.com/crash4/runs/mrn3wd4y,crash4Any%.csv,-34.0
2021-12-22,1640131200.0,zq0w1r9y,MrJavi94,1h 13m 38s,4418.0,https://www.speedrun.com/crash4/runs/zq0w1r9y,crash4Any%.csv,-31.0
2022-03-03,1646265600.0,zp2ovevy,MrJavi94,1h 13m 08s,4388.0,https://www.speedrun.com/crash4/runs/zp2ovevy,crash4Any%.csv,-30.0
2022-03-15,1647302400.0,z5vn4vgm,MrJavi94,1h 12m 37s,4357.0,https://www.speedrun.com/crash4/runs/z5vn4vgm,crash4Any%.csv,-31.0
2022-07-18,1658102400.0,me35vw3z,MrJavi94,1h 12m 21s,4341.0,https://www.speedrun.com/crash4/runs/me35vw3z,crash4Any%.csv,-16.0
2022-08-28,1661644800.0,yl1r742m,MrJavi94,1h 11m 49s,4309.0,https://www.speedrun.com/crash4/runs/yl1r742m,crash4Any%.csv,-32.0
2020-03-30,1585526400.0,yv6g426z,MisterMunkki,2h 55m 27s,10527.0,https://www.speedrun.com/doom_eternal/runs/yv6g426z,doometernalAny%(Restricted).csv,
2020-04-05,1586044800.0,mk34o61z,Meta,2h 45m 37s 900ms,9937.9,https://www.speedrun.com/doom_eternal/runs/mk34o61z,doometernalAny%(Restricted).csv,-589.1
2020-04-07,1586217600.0,y25qqx9y,BloodShot9001,2h 28m 00s 380ms,8880.38,https://www.speedrun.com/doom_eternal/runs/y25qqx9y,doometernalAny%(Restricted).csv,-1057.52
2020-04-08,1586304000.0,znk4kr8z,BloodShot9001,2h 14m 48s 450ms,8088.45,https://www.speedrun.com/doom_eternal/runs/znk4kr8z,doometernalAny%(Restricted).csv,-791.93
2020-04-11,1586563200.0,y829xgdy,BloodShot9001,2h 07m 46s 027ms,7666.027,https://www.speedrun.com/doom_eternal/runs/y829xgdy,doometernalAny%(Restricted).csv,-422.42
2020-04-11,1586563200.0,yjl48noz,BloodShot9001,2h 01m 55s 002ms,7315.002,https://www.speedrun.com/doom_eternal/runs/yjl48noz,doometernalAny%(Restricted).csv,-351.02
2020-04-12,1586649600.0,mk39q6xz,BloodShot9001,1h 58m 36s 084ms,7116.084,https://www.speedrun.com/doom_eternal/runs/mk39q6xz,doometernalAny%(Restricted).csv,-198.92
2020-04-18,1587168000.0,mk32ej3z,BloodShot9001,1h 52m 03s 072ms,6723.072,https://www.speedrun.com/doom_eternal/runs/mk32ej3z,doometernalAny%(Restricted).csv,-393.01
2020-04-21,1587427200.0,zgwkjv0y,BloodShot9001,1h 47m 42s 930ms,6462.93,https://www.speedrun.com/doom_eternal/runs/zgwkjv0y,doometernalAny%(Restricted).csv,-260.14
2020-05-06,1588723200.0,z05926om,bowsr,1h 42m 11s,6131.0,https://www.speedrun.com/doom_eternal/runs/z05926om,doometernalAny%(Restricted).csv,-331.93
2020-05-11,1589155200.0,y25v7x9y,BloodShot9001,1h 38m 32s 039ms,5912.039,https://www.speedrun.com/doom_eternal/runs/y25v7x9y,doometernalAny%(Restricted).csv,-218.96
2020-05-18,1589760000.0,m35rldqy,bowsr,1h 34m 15s 580ms,5655.58,https://www.speedrun.com/doom_eternal/runs/m35rldqy,doometernalAny%(Restricted).csv,-256.46
2020-05-29,1590710400.0,z05o1oom,BloodShot9001,1h 25m 50s 026ms,5150.026,https://www.speedrun.com/doom_eternal/runs/z05o1oom,doometernalAny%(Restricted).csv,-505.55
2020-05-31,1590883200.0,y65ndqqz,BloodShot9001,1h 24m 20s 034ms,5060.034,https://www.speedrun.com/doom_eternal/runs/y65ndqqz,doometernalAny%(Restricted).csv,-89.99
2020-06-01,1590969600.0,mrk6rlgy,BloodShot9001,1h 23m 56s 087ms,5036.087,https://www.speedrun.com/doom_eternal/runs/mrk6rlgy,doometernalAny%(Restricted).csv,-23.95
2020-06-06,1591401600.0,mrk7o37y,bowsr,1h 22m 18s 770ms,4938.77,https://www.speedrun.com/doom_eternal/runs/mrk7o37y,doometernalAny%(Restricted).csv,-97.32
2020-06-08,1591574400.0,mk3kvkxz,BloodShot9001,1h 20m 46s 100ms,4846.1,https://www.speedrun.com/doom_eternal/runs/mk3kvkxz,doometernalAny%(Restricted).csv,-92.67
2020-06-13,1592006400.0,yjld6ngz,BloodShot9001,1h 19m 37s 051ms,4777.051,https://www.speedrun.com/doom_eternal/runs/yjld6ngz,doometernalAny%(Restricted).csv,-69.05
2020-06-15,1592179200.0,yw86ndpy,BloodShot9001,1h 18m 35s 074ms,4715.074,https://www.speedrun.com/doom_eternal/runs/yw86ndpy,doometernalAny%(Restricted).csv,-61.98
2020-06-16,1592265600.0,zgwqj6jy,xiae,1h 17m 55s 760ms,4675.76,https://www.speedrun.com/doom_eternal/runs/zgwqj6jy,doometernalAny%(Restricted).csv,-39.31
2020-06-17,1592352000.0,zprd5rrm,BloodShot9001,1h 16m 47s 074ms,4607.074,https://www.speedrun.com/doom_eternal/runs/zprd5rrm,doometernalAny%(Restricted).csv,-68.69
2020-06-20,1592611200.0,zprg8pnm,bowsr,1h 15m 52s 080ms,4552.08,https://www.speedrun.com/doom_eternal/runs/zprg8pnm,doometernalAny%(Restricted).csv,-54.99
2020-06-23,1592870400.0,yd5goewm,bowsr,1h 15m 22s 370ms,4522.37,https://www.speedrun.com/doom_eternal/runs/yd5goewm,doometernalAny%(Restricted).csv,-29.71
2020-06-26,1593129600.0,m35q1lqy,xiae,1h 13m 45s,4425.0,https://www.speedrun.com/doom_eternal/runs/m35q1lqy,doometernalAny%(Restricted).csv,-97.37
2020-06-29,1593388800.0,zqwj238z,bowsr,1h 13m 26s 010ms,4406.01,https://www.speedrun.com/doom_eternal/runs/zqwj238z,doometernalAny%(Restricted).csv,-18.99
2020-07-03,1593734400.0,zprpl0xm,xiae,1h 13m 03s,4383.0,https://www.speedrun.com/doom_eternal/runs/zprpl0xm,doometernalAny%(Restricted).csv,-23.01
2020-07-06,1593993600.0,m35kpxwy,xiae,1h 12m 50s,4370.0,https://www.speedrun.com/doom_eternal/runs/m35kpxwy,doometernalAny%(Restricted).csv,-13.0
2020-07-08,1594166400.0,yw8gen0y,bowsr,1h 12m 32s 480ms,4352.48,https://www.speedrun.com/doom_eternal/runs/yw8gen0y,doometernalAny%(Restricted).csv,-17.52
2020-07-09,1594252800.0,y2521k6y,Shining,1h 11m 36s 070ms,4296.07,https://www.speedrun.com/doom_eternal/runs/y2521k6y,doometernalAny%(Restricted).csv,-56.41
2020-07-12,1594512000.0,m7gn209m,bowsr,1h 10m 30s 630ms,4230.63,https://www.speedrun.com/doom_eternal/runs/m7gn209m,doometernalAny%(Restricted).csv,-65.44
2020-07-18,1595030400.0,y82pppxy,xiae,1h 09m 40s 110ms,4180.11,https://www.speedrun.com/doom_eternal/runs/y82pppxy,doometernalAny%(Restricted).csv,-50.52
2020-07-26,1595721600.0,yok8xp5z,bowsr,1h 09m 26s 230ms,4166.23,https://www.speedrun.com/doom_eternal/runs/yok8xp5z,doometernalAny%(Restricted).csv,-13.88
2020-08-16,1597536000.0,z5jn9k5m,xiae,1h 08m 52s,4132.0,https://www.speedrun.com/doom_eternal/runs/z5jn9k5m,doometernalAny%(Restricted).csv,-34.23
2021-02-10,1612915200.0,z18xve7y,bowsr,1h 08m 03s 690ms,4083.69,https://www.speedrun.com/doom_eternal/runs/z18xve7y,doometernalAny%(Restricted).csv,-48.31
2021-05-03,1620000000.0,y8drpvwz,DrakePHOSE,1h 07m 43s 720ms,4063.72,https://www.speedrun.com/doom_eternal/runs/y8drpvwz,doometernalAny%(Restricted).csv,-19.97
2021-05-10,1620604800.0,me77400y,bowsr,1h 06m 05s 580ms,3965.58,https://www.speedrun.com/doom_eternal/runs/me77400y,doometernalAny%(Restricted).csv,-98.14
2021-05-20,1621468800.0,yv1qq78y,bowsr,1h 05m 14s 620ms,3914.62,https://www.speedrun.com/doom_eternal/runs/yv1qq78y,doometernalAny%(Restricted).csv,-50.96
2021-05-31,1622419200.0,mr1rl34z,bowsr,1h 04m 47s 180ms,3887.18,https://www.speedrun.com/doom_eternal/runs/mr1rl34z,doometernalAny%(Restricted).csv,-27.44
2021-07-23,1626998400.0,zgg44eez,MuteD,1h 04m 33s 710ms,3873.71,https://www.speedrun.com/doom_eternal/runs/zgg44eez,doometernalAny%(Restricted).csv,-13.47
2021-09-21,1632182400.0,m772rn0m,MuteD,1h 00m 29s 480ms,3629.48,https://www.speedrun.com/doom_eternal/runs/m772rn0m,doometernalAny%(Restricted).csv,-244.23
2021-10-04,1633305600.0,mrn2ve7y,MuteD,59m 42s 670ms,3582.67,https://www.speedrun.com/doom_eternal/runs/mrn2ve7y,doometernalAny%(Restricted).csv,-46.81
2022-06-12,1654992000.0,z52p1pdz,DrakePHOSE,59m 12s 040ms,3552.04,https://www.speedrun.com/doom_eternal/runs/z52p1pdz,doometernalAny%(Restricted).csv,-30.63
2022-06-13,1655078400.0,mkk05olm,MuteD,58m 59s 770ms,3539.77,https://www.speedrun.com/doom_eternal/runs/mkk05olm,doometernalAny%(Restricted).csv,-12.27
2022-06-13,1655078400.0,m33qw04m,MuteD,58m 32s,3512.0,https://www.speedrun.com/doom_eternal/runs/m33qw04m,doometernalAny%(Restricted).csv,-27.77
2022-06-13,1655078400.0,z0pj8qey,MuteD,57m 34s 750ms,3454.75,https://www.speedrun.com/doom_eternal/runs/z0pj8qey,doometernalAny%(Restricted).csv,-57.25
2023-03-05,1677974400.0,mk0q5j3z,MuteD,56m 57s 470ms,3417.47,https://www.speedrun.com/doom_eternal/runs/mk0q5j3z,doometernalAny%(Restricted).csv,-37.28
2023-03-09,1678320000.0,m3qk7e6y,MuteD,56m 40s,3400.0,https://www.speedrun.com/doom_eternal/runs/m3qk7e6y,doometernalAny%(Restricted).csv,-17.47
2023-03-11,1678492800.0,y86vnq1m,MuteD,56m 25s 670ms,3385.67,https://www.speedrun.com/doom_eternal/runs/y86vnq1m,doometernalAny%(Restricted).csv,-14.33
2023-07-15,1689379200.0,z0jx7vjy,MuteD,56m 03s 150ms,3363.15,https://www.speedrun.com/doom_eternal/runs/z0jx7vjy,doometernalAny%(Restricted).csv,-22.52
2023-07-15,1689379200.0,z1lk23rm,MuteD,55m 59s 890ms,3359.89,https://www.speedrun.com/doom_eternal/runs/z1lk23rm,doometernalAny%(Restricted).csv,-3.26
2023-08-05,1691193600.0,y86g8d1m,Absolutemassive,55m 37s 520ms,3337.52,https://www.speedrun.com/doom_eternal/runs/y86g8d1m,doometernalAny%(Restricted).csv,-22.37
2023-08-14,1691971200.0,znv60v9m,MuteD,54m 46s 190ms,3286.19,https://www.speedrun.com/doom_eternal/runs/znv60v9m,doometernalAny%(Restricted).csv,-51.33
2023-09-19,1695081600.0,zne4v37z,Absolutemassive,54m 25s 830ms,3265.83,https://www.speedrun.com/doom_eternal/runs/zne4v37z,doometernalAny%(Restricted).csv,-20.36
2023-09-26,1695686400.0,y4kqv0km,Absolutemassive,54m 17s 070ms,3257.07,https://www.speedrun.com/doom_eternal/runs/y4kqv0km,doometernalAny%(Restricted).csv,-8.76
2025-07-19,1752883200.0,y28kxn5y,Tehn0va,54m 08s 720ms,3248.72,https://www.speedrun.com/doom_eternal/runs/y28kxn5y,doometernalAny%(Restricted).csv,-8.35
2025-07-27,1753574400.0,y6jvw66m,Tehn0va,54m 02s 640ms,3242.64,https://www.speedrun.com/doom_eternal/runs/y6jvw66m,doometernalAny%(Restricted).csv,-6.08
2021-09-19,1632009600.0,ydeg3owm,OsakanaBurger,3h 09m 43s,11383.0,https://www.speedrun.com/ghost_of_tsushima/runs/ydeg3owm,ghostoftsushimaAny%(NG+).csv,
2021-09-25,1632528000.0,mrnlev7y,OsakanaBurger,2h 59m 01s,10741.0,https://www.speedrun.com/ghost_of_tsushima/runs/mrnlev7y,ghostoftsushimaAny%(NG+).csv,-642.0
2022-04-10,1649548800.0,zp9ql5xm,OsakanaBurger,2h 57m 00s,10620.0,https://www.speedrun.com/ghost_of_tsushima/runs/zp9ql5xm,ghostoftsushimaAny%(NG+).csv,-121.0
2022-08-12,1660262400.0,y8x20xnm,Elkjaer,2h 55m 47s,10547.0,https://www.speedrun.com/ghost_of_tsushima/runs/y8x20xnm,ghostoftsushimaAny%(NG+).csv,-73.0
2023-01-11,1673395200.0,z1qxgpry,Aeshmah,2h 54m 55s,10495.0,https://www.speedrun.com/ghost_of_tsushima/runs/z1qxgpry,ghostoftsushimaAny%(NG+).csv,-52.0
2023-03-02,1677715200.0,y80wn1wm,Elkjaer,2h 54m 52s,10492.0,https://www.speedrun.com/ghost_of_tsushima/runs/y80wn1wm,ghostoftsushimaAny%(NG+).csv,-3.0
2023-03-04,1677888000.0,ydgvggvy,Elkjaer,2h 52m 01s,10321.0,https://www.speedrun.com/ghost_of_tsushima/runs/ydgvggvy,ghostoftsushimaAny%(NG+).csv,-171.0
2023-03-16,1678924800.0,y96e5evy,Elkjaer,2h 50m 20s,10220.0,https://www.speedrun.com/ghost_of_tsushima/runs/y96e5evy,ghostoftsushimaAny%(NG+).csv,-101.0
2023-03-24,1679616000.0,m72v2rwz,Elkjaer,2h 49m 41s,10181.0,https://www.speedrun.com/ghost_of_tsushima/runs/m72v2rwz,ghostoftsushimaAny%(NG+).csv,-39.0
2025-08-18,1755475200.0,yd4o7qvy,Nerve_Damage,2h 45m 02s,9902.0,https://www.speedrun.com/ghost_of_tsushima/runs/yd4o7qvy,ghostoftsushimaAny%(NG+).csv,-279.0
2020-12-07,1607299200.0,yj6opqnz,Koolets,07m 22s,442.0,https://www.speedrun.com/hades/runs/yj6opqnz,hadesAnyHeatSeeded.csv,
2021-01-01,1609459200.0,z1o413jm,SatanIsAChillGuy,05m 44s,344.0,https://www.speedrun.com/hades/runs/z1o413jm,hadesAnyHeatSeeded.csv,-98.0
2021-01-05,1609804800.0,y8r7rldm,SatanIsAChillGuy,04m 59s,299.0,https://www.speedrun.com/hades/runs/y8r7rldm,hadesAnyHeatSeeded.csv,-45.0
2021-01-09,1610150400.0,m75rdv4z,SatanIsAChillGuy,04m 32s,272.0,https://www.speedrun.com/hades/runs/m75rdv4z,hadesAnyHeatSeeded.csv,-27.0
2021-01-26,1611619200.0,zgxww4nm,SatanIsAChillGuy,04m 25s,265.0,https://www.speedrun.com/hades/runs/zgxww4nm,hadesAnyHeatSeeded.csv,-7.0
2021-07-15,1626307200.0,m3rp5w4m,c_gull,04m 07s,247.0,https://www.speedrun.com/hades/runs/m3rp5w4m,hadesAnyHeatSeeded.csv,-18.0
2021-07-15,1626307200.0,z0rgo39z,c_gull,04m 00s,240.0,https://www.speedrun.com/hades/runs/z0rgo39z,hadesAnyHeatSeeded.csv,-7.0
2021-07-17,1626480000.0,zp1j6rxz,Vorime,03m 46s,226.0,https://www.speedrun.com/hades/runs/zp1j6rxz,hadesAnyHeatSeeded.csv,-14.0
2021-07-23,1626998400.0,y6dkwx6m,Vorime,03m 31s,211.0,https://www.speedrun.com/hades/runs/y6dkwx6m,hadesAnyHeatSeeded.csv,-15.0
2021-07-26,1627257600.0,y2792d5z,kontra,03m 29s,209.0,https://www.speedrun.com/hades/runs/y2792d5z,hadesAnyHeatSeeded.csv,-2.0
2021-07-26,1627257600.0,mk5lo03m,Vorime,03m 12s,192.0,https://www.speedrun.com/hades/runs/mk5lo03m,hadesAnyHeatSeeded.csv,-17.0
2021-07-29,1627516800.0,y697ld1y,Vorime,03m 07s,187.0,https://www.speedrun.com/hades/runs/y697ld1y,hadesAnyHeatSeeded.csv,-5.0
2021-08-01,1627776000.0,yj5kqkgm,Vorime,03m 00s,180.0,https://www.speedrun.com/hades/runs/yj5kqkgm,hadesAnyHeatSeeded.csv,-7.0
2021-08-11,1628640000.0,zn0rdp7y,Vorime,02m 58s,178.0,https://www.speedrun.com/hades/runs/zn0rdp7y,hadesAnyHeatSeeded.csv,-2.0
2022-03-01,1646092800.0,m7wl2v5z,Vorime,02m 54s,174.0,https://www.speedrun.com/hades/runs/m7wl2v5z,hadesAnyHeatSeeded.csv,-4.0
2022-03-08,1646697600.0,yle5j22z,Vorime,02m 48s,168.0,https://www.speedrun.com/hades/runs/yle5j22z,hadesAnyHeatSeeded.csv,-6.0
2024-02-27,1708992000.0,ydn1n0xm,Vorime,02m 46s,166.0,https://www.speedrun.com/hades/runs/ydn1n0xm,hadesAnyHeatSeeded.csv,-2.0
2024-03-25,1711324800.0,y8wxwrxy,Vorime,02m 45s,165.0,https://www.speedrun.com/hades/runs/y8wxwrxy,hadesAnyHeatSeeded.csv,-1.0
2024-03-27,1711497600.0,zq89841z,Vorime,02m 43s,163.0,https://www.speedrun.com/hades/runs/zq89841z,hadesAnyHeatSeeded.csv,-2.0
2024-04-04,1712188800.0,m7nxn59z,Vorime,02m 41s,161.0,https://www.speedrun.com/hades/runs/m7nxn59z,hadesAnyHeatSeeded.csv,-2.0
2024-04-05,1712275200.0,y9jxj0rm,Vorime,02m 40s,160.0,https://www.speedrun.com/hades/runs/y9jxj0rm,hadesAnyHeatSeeded.csv,-1.0
2024-04-07,1712448000.0,y6vxv50m,Vorime,02m 38s,158.0,https://www.speedrun.com/hades/runs/y6vxv50m,hadesAnyHeatSeeded.csv,-2.0
2024-04-18,1713398400.0,y9jxj5rm,Vorime,02m 37s,157.0,https://www.speedrun.com/hades/runs/y9jxj5rm,hadesAnyHeatSeeded.csv,-1.0
2024-04-21,1713657600.0,yvlk1nez,Vorime,02m 36s,156.0,https://www.speedrun.com/hades/runs/yvlk1nez,hadesAnyHeatSeeded.csv,-1.0
2024-04-25,1714003200.0,z194r6rm,Vorime,02m 35s,155.0,https://www.speedrun.com/hades/runs/z194r6rm,hadesAnyHeatSeeded.csv,-1.0
2024-05-06,1714953600.0,y464rnkz,Vorime,02m 32s,152.0,https://www.speedrun.com/hades/runs/y464rnkz,hadesAnyHeatSeeded.csv,-3.0
2024-05-28,1716854400.0,yo0g75jy,Vorime,02m 30s,150.0,https://www.speedrun.com/hades/runs/yo0g75jy,hadesAnyHeatSeeded.csv,-2.0
2024-06-05,1717545600.0,y224xnwy,Vorime,02m 29s,149.0,https://www.speedrun.com/hades/runs/y224xnwy,hadesAnyHeatSeeded.csv,-1.0
2024-06-18,1718668800.0,men4rqqm,Vorime,02m 24s,144.0,https://www.speedrun.com/hades/runs/men4rqqm,hadesAnyHeatSeeded.csv,-5.0
2024-06-28,1719532800.0,yvnowdxm,Vorime,02m 22s,142.0,https://www.speedrun.com/hades/runs/yvnowdxm,hadesAnyHeatSeeded.csv,-2.0
2024-06-29,1719619200.0,zq2vxl9z,Vorime,02m 20s,140.0,https://www.speedrun.com/hades/runs/zq2vxl9z,hadesAnyHeatSeeded.csv,-2.0
2024-06-30,1719705600.0,m3w7ep6y,Vorime,02m 19s,139.0,https://www.speedrun.com/hades/runs/m3w7ep6y,hadesAnyHeatSeeded.csv,-1.0
2025-01-02,1735776000.0,ydvek7qy,Vorime,02m 16s,136.0,https://www.speedrun.com/hades/runs/ydvek7qy,hadesAnyHeatSeeded.csv,-3.0
2025-01-21,1737417600.0,men4r5qm,Vorime,02m 13s,133.0,https://www.speedrun.com/hades/runs/men4r5qm,hadesAnyHeatSeeded.csv,-3.0
2020-03-26,1585180800.0,yv64qx6z,Sychke,1h 28m 48s,5328.0,https://www.speedrun.com/hla/runs/yv64qx6z,halflifealyx.csv,
2020-03-27,1585267200.0,yv6483xz,Sychke,1h 07m 37s,4057.0,https://www.speedrun.com/hla/runs/yv6483xz,halflifealyx.csv,-1271.0
2020-03-27,1585267200.0,yjlj2g7z,Fishy_F1shy,1h 03m 33s,3813.0,https://www.speedrun.com/hla/runs/yjlj2g7z,halflifealyx.csv,-244.0
2020-03-29,1585440000.0,y4w9lpdm,Fishy_F1shy,57m 48s,3468.0,https://www.speedrun.com/hla/runs/y4w9lpdm,halflifealyx.csv,-345.0
2020-03-29,1585440000.0,y4w9n0nm,Fishy_F1shy,53m 36s,3216.0,https://www.speedrun.com/hla/runs/y4w9n0nm,halflifealyx.csv,-252.0
2020-03-29,1585440000.0,z15d7rwy,Fishy_F1shy,46m 06s,2766.0,https://www.speedrun.com/hla/runs/z15d7rwy,halflifealyx.csv,-450.0
2020-03-30,1585526400.0,znkwln8z,Fishy_F1shy,39m 00s,2340.0,https://www.speedrun.com/hla/runs/znkwln8z,halflifealyx.csv,-426.0
2020-04-01,1585699200.0,y4w5w2nm,Sychke,35m 17s,2117.0,https://www.speedrun.com/hla/runs/y4w5w2nm,halflifealyx.csv,-223.0
2020-04-02,1585785600.0,yd5q5xqm,Fishy_F1shy,35m 15s,2115.0,https://www.speedrun.com/hla/runs/yd5q5xqm,halflifealyx.csv,-2.0
2020-04-03,1585872000.0,znk87g7z,DillyDogz19,27m 53s,1673.0,https://www.speedrun.com/hla/runs/znk87g7z,halflifealyx.csv,-442.0
2020-04-07,1586217600.0,z5j1oogm,DillyDogz19,24m 55s,1495.0,https://www.speedrun.com/hla/runs/z5j1oogm,halflifealyx.csv,-178.0
2020-05-14,1589414400.0,y25v449y,AuraBOI,24m 31s,1471.0,https://www.speedrun.com/hla/runs/y25v449y,halflifealyx.csv,-24.0
2020-05-17,1589673600.0,yok77gjz,AuraBOI,22m 34s,1354.0,https://www.speedrun.com/hla/runs/yok77gjz,halflifealyx.csv,-117.0
2020-05-25,1590364800.0,z15xl29y,AuraBOI,22m 19s 680ms,1339.68,https://www.speedrun.com/hla/runs/z15xl29y,halflifealyx.csv,-14.32
2020-07-21,1595289600.0,y25n397y,Sychke,21m 39s,1299.0,https://www.speedrun.com/hla/runs/y25n397y,halflifealyx.csv,-40.68
2020-07-22,1595376000.0,z15v55jy,DillyDogz19,19m 35s,1175.0,https://www.speedrun.com/hla/runs/z15v55jy,halflifealyx.csv,-124.0
2020-08-29,1598659200.0,zpr746xm,DillyDogz19,17m 05s 930ms,1025.93,https://www.speedrun.com/hla/runs/zpr746xm,halflifealyx.csv,-149.07
2020-09-29,1601337600.0,y8r18pdm,Lemmons,16m 57s,1017.0,https://www.speedrun.com/hla/runs/y8r18pdm,halflifealyx.csv,-8.93
2020-10-09,1602201600.0,zq4w8lrm,Lemmons,16m 53s,1013.0,https://www.speedrun.com/hla/runs/zq4w8lrm,halflifealyx.csv,-4.0
2020-10-25,1603584000.0,yj6g1ggz,Sychke,16m 30s 980ms,990.98,https://www.speedrun.com/hla/runs/yj6g1ggz,halflifealyx.csv,-22.02
2021-01-21,1611187200.0,zgx78kjm,Lemmons,16m 13s,973.0,https://www.speedrun.com/hla/runs/zgx78kjm,halflifealyx.csv,-17.98
2021-01-22,1611273600.0,z063vxoz,Lemmons,15m 45s 092ms,945.092,https://www.speedrun.com/hla/runs/z063vxoz,halflifealyx.csv,-27.91
2021-03-18,1616025600.0,z0601r8z,Lemmons,14m 27s 050ms,867.05,https://www.speedrun.com/hla/runs/z0601r8z,halflifealyx.csv,-78.04
2022-03-22,1647907200.0,yorwj0dy,Lemmons,14m 23s 684ms,863.684,https://www.speedrun.com/hla/runs/yorwj0dy,halflifealyx.csv,-3.37
2022-03-24,1648080000.0,y8j7x51z,Lemmons,13m 56s 473ms,836.473,https://www.speedrun.com/hla/runs/y8j7x51z,halflifealyx.csv,-27.21
2022-03-26,1648252800.0,y48d45km,Lemmons,13m 22s 700ms,802.7,https://www.speedrun.com/hla/runs/y48d45km,halflifealyx.csv,-33.77
2023-02-11,1676073600.0,y6oook0y,Lemmons,13m 11s 767ms,791.767,https://www.speedrun.com/hla/runs/y6oook0y,halflifealyx.csv,-10.93
2021-04-09,1617926400.0,z0rw1q9z,ItzBytez|Hyper,2h 36m 49s,9409.0,https://www.speedrun.com/itt/runs/z0rw1q9z,ittakestwoAny%.csv,
2021-04-16,1618531200.0,m3rodowm,Wrenn|Yu_SR,2h 27m 29s,8849.0,https://www.speedrun.com/itt/runs/m3rodowm,ittakestwoAny%.csv,-560.0
2021-04-20,1618876800.0,y6dpqojm,Yu_SR|Wrenn,2h 19m 41s,8381.0,https://www.speedrun.com/itt/runs/y6dpqojm,ittakestwoAny%.csv,-468.0
2021-04-23,1619136000.0,y4r1892z,ItzBytez|Hyper,2h 09m 42s,7782.0,https://www.speedrun.com/itt/runs/y4r1892z,ittakestwoAny%.csv,-599.0
2021-04-28,1619568000.0,z0r5lr8z,ItzBytez|Hyper,2h 00m 41s,7241.0,https://www.speedrun.com/itt/runs/z0r5lr8z,ittakestwoAny%.csv,-541.0
2021-04-30,1619740800.0,m7dgv89m,ItzBytez|Hyper,1h 59m 21s,7161.0,https://www.speedrun.com/itt/runs/m7dgv89m,ittakestwoAny%.csv,-80.0
2021-05-23,1621728000.0,z0ro4vez,ItzBytez|Hyper,1h 56m 36s,6996.0,https://www.speedrun.com/itt/runs/z0ro4vez,ittakestwoAny%.csv,-165.0
2021-06-27,1624752000.0,zq1o7q8m,ItzBytez|Hyper,1h 47m 51s,6471.0,https://www.speedrun.com/itt/runs/zq1o7q8m,ittakestwoAny%.csv,-525.0
2021-06-28,1624838400.0,z1r6k4rm,lovablebigman|JustAjz,1h 47m 31s,6451.0,https://www.speedrun.com/itt/runs/z1r6k4rm,ittakestwoAny%.csv,-20.0
2021-07-24,1627084800.0,zn0wwd9y,ItzBytez|Hyper,1h 42m 34s,6154.0,https://www.speedrun.com/itt/runs/zn0wwd9y,ittakestwoAny%.csv,-297.0
2021-08-02,1627862400.0,zqv6xx8m,lovablebigman|JustAjz,1h 42m 18s,6138.0,https://www.speedrun.com/itt/runs/zqv6xx8m,ittakestwoAny%.csv,-16.0
2021-08-05,1628121600.0,ylr4x0ny,ItzBytez|Hyper,1h 40m 43s,6043.0,https://www.speedrun.com/itt/runs/ylr4x0ny,ittakestwoAny%.csv,-95.0
2021-08-11,1628640000.0,zxokjj8z,ItzBytez|Hyper,1h 38m 58s,5938.0,https://www.speedrun.com/itt/runs/zxokjj8z,ittakestwoAny%.csv,-105.0
2021-10-08,1633651200.0,zp8pjxgy,lovablebigman|JustAjz,1h 37m 02s,5822.0,https://www.speedrun.com/itt/runs/zp8pjxgy,ittakestwoAny%.csv,-116.0
2021-12-14,1639440000.0,yor2qk0y,G-lint|GoodNoise,1h 36m 57s,5817.0,https://www.speedrun.com/itt/runs/yor2qk0y,ittakestwoAny%.csv,-5.0
2021-12-19,1639872000.0,y6nlg81z,G-lint|GoodNoise,1h 36m 03s,5763.0,https://www.speedrun.com/itt/runs/y6nlg81z,ittakestwoAny%.csv,-54.0
2022-01-23,1642896000.0,ywj66qpz,ItzBytez|Hyper,1h 35m 30s,5730.0,https://www.speedrun.com/itt/runs/ywj66qpz,ittakestwoAny%.csv,-33.0
2022-02-14,1644796800.0,z129w09y,ItzBytez|Hyper,1h 31m 38s,5498.0,https://www.speedrun.com/itt/runs/z129w09y,ittakestwoAny%.csv,-232.0
2022-02-21,1645401600.0,zp2k4vgy,ItzBytez|Hyper,1h 30m 45s,5445.0,https://www.speedrun.com/itt/runs/zp2k4vgy,ittakestwoAny%.csv,-53.0
2022-03-19,1647648000.0,mej5dl0y,G-lint|GoodNoise,1h 29m 35s,5375.0,https://www.speedrun.com/itt/runs/mej5dl0y,ittakestwoAny%.csv,-70.0
2022-08-19,1660867200.0,zgqxp5ey,G-lint|ItzBytez,1h 28m 47s,5327.0,https://www.speedrun.com/itt/runs/zgqxp5ey,ittakestwoAny%.csv,-48.0
2022-09-02,1662076800.0,y9xlw7ey,G-lint|ItzBytez,1h 28m 20s,5300.0,https://www.speedrun.com/itt/runs/y9xlw7ey,ittakestwoAny%.csv,-27.0
2022-09-19,1663545600.0,znqx777z,G-lint|ItzBytez,1h 27m 57s,5277.0,https://www.speedrun.com/itt/runs/znqx777z,ittakestwoAny%.csv,-23.0
2022-12-03,1670025600.0,ywvpp9nz,G-lint|ItzBytez,1h 27m 18s,5238.0,https://www.speedrun.com/itt/runs/ywvpp9nz,ittakestwoAny%.csv,-39.0
2022-12-17,1671235200.0,zxnkvwem,Argros|Daemonweave,1h 27m 13s,5233.0,https://www.speedrun.com/itt/runs/zxnkvwem,ittakestwoAny%.csv,-5.0
2023-07-21,1689897600.0,zpw6698y,G-lint|ItzBytez,1h 25m 46s,5146.0,https://www.speedrun.com/itt/runs/zpw6698y,ittakestwoAny%.csv,-87.0
2023-08-04,1691107200.0,y4ondp3z,Argros|Daemonweave,1h 25m 35s,5135.0,https://www.speedrun.com/itt/runs/y4ondp3z,ittakestwoAny%.csv,-11.0
2023-09-29,1695945600.0,z5k3lnez,Argros|Daemonweave,1h 24m 46s,5086.0,https://www.speedrun.com/itt/runs/z5k3lnez,ittakestwoAny%.csv,-49.0
2024-02-18,1708214400.0,z0de17jy,Fortunate_|Daemonweave,1h 24m 34s,5074.0,https://www.speedrun.com/itt/runs/z0de17jy,ittakestwoAny%.csv,-12.0
2024-03-04,1709510400.0,zxqk5jkm,Matt4132|dori,1h 24m 22s,5062.0,https://www.speedrun.com/itt/runs/zxqk5jkm,ittakestwoAny%.csv,-12.0
2024-03-07,1709769600.0,ywg8p53z,Matt4132|dori,1h 23m 58s,5038.0,https://www.speedrun.com/itt/runs/ywg8p53z,ittakestwoAny%.csv,-24.0
2024-06-02,1717286400.0,zp65d1gm,Argros|Daemonweave,1h 23m 30s,5010.0,https://www.speedrun.com/itt/runs/zp65d1gm,ittakestwoAny%.csv,-28.0
2024-06-19,1718755200.0,zgl0rxem,Argros|Daemonweave,1h 23m 05s,4985.0,https://www.speedrun.com/itt/runs/zgl0rxem,ittakestwoAny%.csv,-25.0
2024-11-06,1730851200.0,z0q4r1em,Argros|Daemonweave,1h 22m 55s,4975.0,https://www.speedrun.com/itt/runs/z0q4r1em,ittakestwoAny%.csv,-10.0
2024-11-07,1730937600.0,m3j4kl4z,Argros|Daemonweave,1h 22m 33s,4953.0,https://www.speedrun.com/itt/runs/m3j4kl4z,ittakestwoAny%.csv,-22.0
2025-02-09,1739059200.0,y9pk0vkm,Argros|Daemonweave,1h 19m 57s,4797.0,https://www.speedrun.com/itt/runs/y9pk0vkm,ittakestwoAny%.csv,-156.0
2025-04-29,1745884800.0,z5wowl5z,Argros|Daemonweave,1h 18m 34s,4714.0,https://www.speedrun.com/itt/runs/z5wowl5z,ittakestwoAny%.csv,-83.0
2020-04-10,1586476800.0,zx24xogm,JHobz,1h 21m 59s,4919.0,https://www.speedrun.com/ori_wotw/runs/zx24xogm,ori_wotwAllChallenges.csv,
2020-04-11,1586563200.0,z053q4em,TAS_Snoop,1h 21m 25s,4885.0,https://www.speedrun.com/ori_wotw/runs/z053q4em,ori_wotwAllChallenges.csv,-34.0
2020-04-12,1586649600.0,yjl4967z,CheeseLover,1h 19m 49s,4789.0,https://www.speedrun.com/ori_wotw/runs/yjl4967z,ori_wotwAllChallenges.csv,-96.0
2020-04-14,1586822400.0,yjl4rq3z,Skarfelt,1h 16m 43s,4603.0,https://www.speedrun.com/ori_wotw/runs/yjl4rq3z,ori_wotwAllChallenges.csv,-186.0
2020-04-15,1586908800.0,z051379m,Skarfelt,1h 16m 27s,4587.0,https://www.speedrun.com/ori_wotw/runs/z051379m,ori_wotwAllChallenges.csv,-16.0
2020-04-16,1586995200.0,y4w135nm,CheeseLover,1h 14m 57s,4497.0,https://www.speedrun.com/ori_wotw/runs/y4w135nm,ori_wotwAllChallenges.csv,-90.0
2020-04-18,1587168000.0,zpr418gm,CheeseLover,1h 10m 32s,4232.0,https://www.speedrun.com/ori_wotw/runs/zpr418gm,ori_wotwAllChallenges.csv,-265.0
2020-04-25,1587772800.0,y4wwenqm,CheeseLover,1h 09m 24s,4164.0,https://www.speedrun.com/ori_wotw/runs/y4wwenqm,ori_wotwAllChallenges.csv,-68.0
2020-04-26,1587859200.0,zqww0g5z,CheeseLover,1h 08m 04s,4084.0,https://www.speedrun.com/ori_wotw/runs/zqww0g5z,ori_wotwAllChallenges.csv,-80.0
2020-05-01,1588291200.0,y25d919y,Willson,1h 07m 18s,4038.0,https://www.speedrun.com/ori_wotw/runs/y25d919y,ori_wotwAllChallenges.csv,-46.0
2020-05-17,1589673600.0,y909nkry,Willson,1h 07m 17s,4037.0,https://www.speedrun.com/ori_wotw/runs/y909nkry,ori_wotwAllChallenges.csv,-1.0
2020-06-02,1591056000.0,meoj2kqz,Skarfelt,1h 06m 25s,3985.0,https://www.speedrun.com/ori_wotw/runs/meoj2kqz,ori_wotwAllChallenges.csv,-52.0
2020-06-13,1592006400.0,zgwqvlny,Skarfelt,1h 04m 17s,3857.0,https://www.speedrun.com/ori_wotw/runs/zgwqvlny,ori_wotwAllChallenges.csv,-128.0
2020-07-20,1595203200.0,z05q2e8m,Skarfelt,1h 03m 54s,3834.0,https://www.speedrun.com/ori_wotw/runs/z05q2e8m,ori_wotwAllChallenges.csv,-23.0
2020-08-16,1597536000.0,z5jn9dnm,Hetfield90,1h 03m 53s,3833.0,https://www.speedrun.com/ori_wotw/runs/z5jn9dnm,ori_wotwAllChallenges.csv,-1.0
2020-08-16,1597536000.0,y4wvp7dm,Hetfield90,1h 03m 47s,3827.0,https://www.speedrun.com/ori_wotw/runs/y4wvp7dm,ori_wotwAllChallenges.csv,-6.0
2020-08-18,1597708800.0,y254797y,Hetfield90,1h 03m 16s,3796.0,https://www.speedrun.com/ori_wotw/runs/y254797y,ori_wotwAllChallenges.csv,-31.0
2020-08-22,1598054400.0,y90r71vy,Hetfield90,1h 02m 51s,3771.0,https://www.speedrun.com/ori_wotw/runs/y90r71vy,ori_wotwAllChallenges.csv,-25.0
2020-08-26,1598400000.0,zx21j7km,Hetfield90,1h 02m 05s,3725.0,https://www.speedrun.com/ori_wotw/runs/zx21j7km,ori_wotwAllChallenges.csv,-46.0
2020-08-30,1598745600.0,meor7j9z,Hetfield90,1h 01m 39s,3699.0,https://www.speedrun.com/ori_wotw/runs/meor7j9z,ori_wotwAllChallenges.csv,-26.0
2020-09-01,1598918400.0,mk3jp4xz,Hetfield90,1h 01m 29s,3689.0,https://www.speedrun.com/ori_wotw/runs/mk3jp4xz,ori_wotwAllChallenges.csv,-10.0
2020-09-08,1599523200.0,ylv363nm,Hetfield90,1h 00m 51s,3651.0,https://www.speedrun.com/ori_wotw/runs/ylv363nm,ori_wotwAllChallenges.csv,-38.0
2020-09-23,1600819200.0,z093k99z,Hetfield90,59m 54s,3594.0,https://www.speedrun.com/ori_wotw/runs/z093k99z,ori_wotwAllChallenges.csv,-57.0
2020-11-26,1606348800.0,yj6269nz,Skarfelt,59m 49s,3589.0,https://www.speedrun.com/ori_wotw/runs/yj6269nz,ori_wotwAllChallenges.csv,-5.0
2021-08-22,1629590400.0,y27v1v9z,Skarfelt,58m 28s,3508.0,https://www.speedrun.com/ori_wotw/runs/y27v1v9z,ori_wotwAllChallenges.csv,-81.0
2023-01-09,1673222400.0,zg2x6ndy,Skarfelt,57m 57s,3477.0,https://www.speedrun.com/ori_wotw/runs/zg2x6ndy,ori_wotwAllChallenges.csv,-31.0
2023-11-24,1700784000.0,mr2r10gy,Bellers,57m 42s,3462.0,https://www.speedrun.com/ori_wotw/runs/mr2r10gy,ori_wotwAllChallenges.csv,-15.0
2023-11-26,1700956800.0,zneqd37z,Skarfelt,56m 59s,3419.0,https://www.speedrun.com/ori_wotw/runs/zneqd37z,ori_wotwAllChallenges.csv,-43.0
2023-12-17,1702771200.0,y8kwr0xy,Skarfelt,56m 38s,3398.0,https://www.speedrun.com/ori_wotw/runs/y8kwr0xy,ori_wotwAllChallenges.csv,-21.0
2024-02-23,1708646400.0,mew86l8m,Bellers,56m 22s,3382.0,https://www.speedrun.com/ori_wotw/runs/mew86l8m,ori_wotwAllChallenges.csv,-16.0
2025-03-28,1743120000.0,zn9lrn8y,Skarfelt,56m 13s,3373.0,https://www.speedrun.com/ori_wotw/runs/zn9lrn8y,ori_wotwAllChallenges.csv,-9.0
2025-10-21,1761004800.0,yj7ldeny,GarnyWarny,55m 48s,3348.0,https://www.speedrun.com/ori_wotw/runs/yj7ldeny,ori_wotwAllChallenges.csv,-25.0
2021-06-13,1623542400.0,zgg87kjz,BellumZeldaDS,2h 02m 37s,7357.0,https://www.speedrun.com/rac_ra/runs/zgg87kjz,rac_raNG+.csv,
2021-06-13,1623542400.0,ylql00nz,braggstar,1h 59m 30s,7170.0,https://www.speedrun.com/rac_ra/runs/ylql00nz,rac_raNG+.csv,-187.0
2021-06-13,1623542400.0,mkgq2gly,mobius,1h 50m 44s,6644.0,https://www.speedrun.com/rac_ra/runs/mkgq2gly,rac_raNG+.csv,-526.0
2021-06-14,1623628800.0,mr12478z,Roen,1h 49m 58s,6598.0,https://www.speedrun.com/rac_ra/runs/mr12478z,rac_raNG+.csv,-46.0
2021-06-14,1623628800.0,ydr2e3jz,braggstar,1h 48m 50s,6530.0,https://www.speedrun.com/rac_ra/runs/ydr2e3jz,rac_raNG+.csv,-68.0
2021-06-14,1623628800.0,mr12nx4z,mobius,1h 46m 06s,6366.0,https://www.speedrun.com/rac_ra/runs/mr12nx4z,rac_raNG+.csv,-164.0
2021-06-15,1623715200.0,zp1pw08z,mobius,1h 41m 14s,6074.0,https://www.speedrun.com/rac_ra/runs/zp1pw08z,rac_raNG+.csv,-292.0
2021-06-17,1623888000.0,zxgqnkqy,Sin,1h 39m 48s,5988.0,https://www.speedrun.com/rac_ra/runs/zxgqnkqy,rac_raNG+.csv,-86.0
2021-06-19,1624060800.0,z0rq5j8z,Sin,1h 37m 10s,5830.0,https://www.speedrun.com/rac_ra/runs/z0rq5j8z,rac_raNG+.csv,-158.0
2021-06-21,1624233600.0,y4rll9kz,SolivaganTz,1h 36m 25s,5785.0,https://www.speedrun.com/rac_ra/runs/y4rll9kz,rac_raNG+.csv,-45.0
2021-06-21,1624233600.0,yjg9qg3y,SolivaganTz,1h 34m 02s,5642.0,https://www.speedrun.com/rac_ra/runs/yjg9qg3y,rac_raNG+.csv,-143.0
2021-06-26,1624665600.0,z1rvvq7m,mobius,1h 32m 11s,5531.0,https://www.speedrun.com/rac_ra/runs/z1rvvq7m,rac_raNG+.csv,-111.0
2021-07-04,1625356800.0,yv15ewxy,everydayaussie,1h 31m 42s,5502.0,https://www.speedrun.com/rac_ra/runs/yv15ewxy,rac_raNG+.csv,-29.0
2021-07-05,1625443200.0,y4rv9p2z,Sin,1h 30m 15s,5415.0,https://www.speedrun.com/rac_ra/runs/y4rv9p2z,rac_raNG+.csv,-87.0
2021-07-05,1625443200.0,zp1vlx8z,Sin,1h 29m 54s,5394.0,https://www.speedrun.com/rac_ra/runs/zp1vlx8z,rac_raNG+.csv,-21.0
2021-07-07,1625616000.0,zp1vglxz,everydayaussie,1h 29m 28s,5368.0,https://www.speedrun.com/rac_ra/runs/zp1vglxz,rac_raNG+.csv,-26.0
2021-07-07,1625616000.0,ylq2lw3z,optimalx,1h 28m 21s,5301.0,https://www.speedrun.com/rac_ra/runs/ylq2lw3z,rac_raNG+.csv,-67.0
2021-07-11,1625961600.0,z0r4nq8z,optimalx,1h 27m 35s,5255.0,https://www.speedrun.com/rac_ra/runs/z0r4nq8z,rac_raNG+.csv,-46.0
2021-07-16,1626393600.0,yo7wog7m,optimalx,1h 25m 42s,5142.0,https://www.speedrun.com/rac_ra/runs/yo7wog7m,rac_raNG+.csv,-113.0
2021-08-06,1628208000.0,yo62gjdy,Bdud5,1h 25m 31s,5131.0,https://www.speedrun.com/rac_ra/runs/yo62gjdy,rac_raNG+.csv,-11.0
2021-08-07,1628294400.0,ylr48eny,Bdud5,1h 25m 10s,5110.0,https://www.speedrun.com/rac_ra/runs/ylr48eny,rac_raNG+.csv,-21.0
2021-08-07,1628294400.0,y8e978dy,Sin,1h 25m 03s,5103.0,https://www.speedrun.com/rac_ra/runs/y8e978dy,rac_raNG+.csv,-7.0
2021-08-09,1628467200.0,z071p8ey,Bdud5,1h 24m 48s,5088.0,https://www.speedrun.com/rac_ra/runs/z071p8ey,rac_raNG+.csv,-15.0
2021-08-11,1628640000.0,zqvrp11m,Sin,1h 24m 15s,5055.0,https://www.speedrun.com/rac_ra/runs/zqvrp11m,rac_raNG+.csv,-33.0
2021-08-16,1629072000.0,mk53wwvm,Sin,1h 23m 33s,5013.0,https://www.speedrun.com/rac_ra/runs/mk53wwvm,rac_raNG+.csv,-42.0
2021-08-20,1629417600.0,zxodqlgz,Sin,1h 22m 43s,4963.0,https://www.speedrun.com/rac_ra/runs/zxodqlgz,rac_raNG+.csv,-50.0
2021-08-24,1629763200.0,yj512kom,Sin,1h 22m 23s,4943.0,https://www.speedrun.com/rac_ra/runs/yj512kom,rac_raNG+.csv,-20.0
2021-08-26,1629936000.0,z1xr319m,Bdud5,1h 21m 47s,4907.0,https://www.speedrun.com/rac_ra/runs/z1xr319m,rac_raNG+.csv,-36.0
2021-12-01,1638316800.0,zq0kvj5y,Sin,1h 21m 33s,4893.0,https://www.speedrun.com/rac_ra/runs/zq0kvj5y,rac_raNG+.csv,-14.0
2021-12-02,1638403200.0,y489g53m,Sin,1h 20m 29s,4829.0,https://www.speedrun.com/rac_ra/runs/y489g53m,rac_raNG+.csv,-64.0
2021-12-07,1638835200.0,ydwqrr0m,Sin,1h 19m 41s,4781.0,https://www.speedrun.com/rac_ra/runs/ydwqrr0m,rac_raNG+.csv,-48.0
2022-01-17,1642377600.0,mkeexe3m,Bdud5,1h 18m 59s,4739.0,https://www.speedrun.com/rac_ra/runs/mkeexe3m,rac_raNG+.csv,-42.0
2022-01-23,1642896000.0,yvq0jxem,Bdud5,1h 18m 50s,4730.0,https://www.speedrun.com/rac_ra/runs/yvq0jxem,rac_raNG+.csv,-9.0
2022-01-25,1643068800.0,zp2dx8ry,Bdud5,1h 17m 15s,4635.0,https://www.speedrun.com/rac_ra/runs/zp2dx8ry,rac_raNG+.csv,-95.0
2022-02-06,1644105600.0,zgd8ke0z,Bdud5,1h 16m 55s,4615.0,https://www.speedrun.com/rac_ra/runs/zgd8ke0z,rac_raNG+.csv,-20.0
2022-05-03,1651536000.0,z0p9609y,Sin,1h 16m 45s,4605.0,https://www.speedrun.com/rac_ra/runs/z0p9609y,rac_raNG+.csv,-10.0
2022-05-06,1651795200.0,zp9lk3vm,Bdud5,1h 16m 27s,4587.0,https://www.speedrun.com/rac_ra/runs/zp9lk3vm,rac_raNG+.csv,-18.0
2022-05-29,1653782400.0,y888vpxy,Bdud5,1h 15m 47s,4547.0,https://www.speedrun.com/rac_ra/runs/y888vpxy,rac_raNG+.csv,-40.0
2022-11-03,1667433600.0,m7xj6qey,Bdud5,1h 15m 07s,4507.0,https://www.speedrun.com/rac_ra/runs/m7xj6qey,rac_raNG+.csv,-40.0
2023-01-22,1674345600.0,m3l78jqm,Bdud5,1h 12m 54s,4374.0,https://www.speedrun.com/rac_ra/runs/m3l78jqm,rac_raNG+.csv,-133.0
2023-01-29,1674950400.0,y2jppw9z,Bdud5,1h 12m 45s,4365.0,https://www.speedrun.com/rac_ra/runs/y2jppw9z,rac_raNG+.csv,-9.0
2025-10-12,1760227200.0,zx5k10em,Bdud5,1h 12m 43s,4363.0,https://www.speedrun.com/rac_ra/runs/zx5k10em,rac_raNG+.csv,-2.0
2025-10-17,1760659200.0,y40wgpnz,Bdud5,1h 10m 01s,4201.0,https://www.speedrun.com/rac_ra/runs/y40wgpnz,rac_raNG+.csv,-162.0
2025-10-18,1760745600.0,yw58rd0y,Bdud5,1h 09m 43s,4183.0,https://www.speedrun.com/rac_ra/runs/yw58rd0y,rac_raNG+.csv,-18.0
2021-03-15,1615766400.0,yd9p08xz,MikeWave,42m 44s,2564.0,https://www.speedrun.com/re3r/runs/yd9p08xz,re3rAny%(PC).csv,
2021-03-26,1616716800.0,zno630ly,Minnotar,42m 36s,2556.0,https://www.speedrun.com/re3r/runs/zno630ly,re3rAny%(PC).csv,-8.0
2021-04-21,1618963200.0,zp10v0gz,Minnotar,42m 29s,2549.0,https://www.speedrun.com/re3r/runs/zp10v0gz,re3rAny%(PC).csv,-7.0
2021-11-23,1637625600.0,zn0ndn9y,MikeWave,42m 27s,2547.0,https://www.speedrun.com/re3r/runs/zn0ndn9y,re3rAny%(PC).csv,-2.0
2021-12-11,1639180800.0,ywj1lppz,Minnotar,42m 22s,2542.0,https://www.speedrun.com/re3r/runs/ywj1lppz,re3rAny%(PC).csv,-5.0
2021-12-13,1639353600.0,zp2089ry,Minnotar,42m 18s,2538.0,https://www.speedrun.com/re3r/runs/zp2089ry,re3rAny%(PC).csv,-4.0
2021-12-18,1639785600.0,zp243d8y,MikeWave,42m 17s,2537.0,https://www.speedrun.com/re3r/runs/zp243d8y,re3rAny%(PC).csv,-1.0
2022-06-10,1654819200.0,yjp8923y,Minnotar,42m 10s,2530.0,https://www.speedrun.com/re3r/runs/yjp8923y,re3rAny%(PC).csv,-7.0
2022-11-10,1668038400.0,y8x4d6wm,Minnotar,42m 09s,2529.0,https://www.speedrun.com/re3r/runs/y8x4d6wm,re3rAny%(PC).csv,-1.0
2022-12-06,1670284800.0,y4g5ojky,n3baktin_,42m 00s,2520.0,https://www.speedrun.com/re3r/runs/y4g5ojky,re3rAny%(PC).csv,-9.0
2024-06-24,1719187200.0,zq8xox1z,Katastrophic,41m 59s,2519.0,https://www.speedrun.com/re3r/runs/zq8xox1z,re3rAny%(PC).csv,-1.0
2020-11-20,1605830400.0,y8rx705m,FinnDaHoooman,2h 21m 05s,8465.0,https://www.speedrun.com/smmm/runs/y8rx705m,spider-manmilesmoralesAny%.csv,
2020-11-21,1605916800.0,m3glrd4z,Spideynick1996,2h 15m 56s,8156.0,https://www.speedrun.com/smmm/runs/m3glrd4z,spider-manmilesmoralesAny%.csv,-309.0
2020-12-17,1608163200.0,m3gwlo4z,SpiderMatt,1h 46m 25s,6385.0,https://www.speedrun.com/smmm/runs/m3gwlo4z,spider-manmilesmoralesAny%.csv,-1771.0
2021-08-31,1630368000.0,y699l06y,SpiderMatt,1h 46m 03s,6363.0,https://www.speedrun.com/smmm/runs/y699l06y,spider-manmilesmoralesAny%.csv,-22.0
2021-09-01,1630454400.0,zgrrw5nm,SpiderMatt,1h 45m 03s,6303.0,https://www.speedrun.com/smmm/runs/zgrrw5nm,spider-manmilesmoralesAny%.csv,-60.0
2021-09-02,1630540800.0,y277ko5z,SpiderMatt,1h 43m 41s,6221.0,https://www.speedrun.com/smmm/runs/y277ko5z,spider-manmilesmoralesAny%.csv,-82.0
2021-09-05,1630800000.0,yvoq6qoz,SpiderMatt,1h 43m 40s,6220.0,https://www.speedrun.com/smmm/runs/yvoq6qoz,spider-manmilesmoralesAny%.csv,-1.0
2021-09-07,1630972800.0,y69ng8py,SpiderMatt,1h 40m 23s,6023.0,https://www.speedrun.com/smmm/runs/y69ng8py,spider-manmilesmoralesAny%.csv,-197.0
2022-03-24,1648080000.0,ywj9vr2z,Pessilist,1h 39m 37s,5977.0,https://www.speedrun.com/smmm/runs/ywj9vr2z,spider-manmilesmoralesAny%.csv,-46.0
2022-03-29,1648512000.0,yjxnxrgz,SpiderMatt,1h 39m 17s,5957.0,https://www.speedrun.com/smmm/runs/yjxnxrgz,spider-manmilesmoralesAny%.csv,-20.0
2022-04-03,1648944000.0,znpw85vm,Pessilist,1h 38m 19s,5899.0,https://www.speedrun.com/smmm/runs/znpw85vm,spider-manmilesmoralesAny%.csv,-58.0
2022-04-05,1649116800.0,yopvp71m,SpiderMatt,1h 36m 22s,5782.0,https://www.speedrun.com/smmm/runs/yopvp71m,spider-manmilesmoralesAny%.csv,-117.0
2022-08-03,1659484800.0,y9x7ew2y,Pessilist,1h 35m 58s,5758.0,https://www.speedrun.com/smmm/runs/y9x7ew2y,spider-manmilesmoralesAny%.csv,-24.0
2023-11-01,1698796800.0,yllr173y,baconguuy,1h 34m 04s,5644.0,https://www.speedrun.com/smmm/runs/yllr173y,spider-manmilesmoralesAny%.csv,-114.0
2024-05-16,1715817600.0,y466jgkz,baconguuy,1h 30m 13s,5413.0,https://www.speedrun.com/smmm/runs/y466jgkz,spider-manmilesmoralesAny%.csv,-231.0
2024-05-22,1716336000.0,yldxx2nm,baconguuy,1h 29m 09s,5349.0,https://www.speedrun.com/smmm/runs/yldxx2nm,spider-manmilesmoralesAny%.csv,-64.0
2025-04-27,1745712000.0,zpoq9onm,baconguuy,1h 29m 03s,5343.0,https://www.speedrun.com/smmm/runs/zpoq9onm,spider-manmilesmoralesAny%.csv,-6.0
2025-04-28,1745798400.0,ylj9ddxm,baconguuy,1h 28m 37s,5317.0,https://www.speedrun.com/smmm/runs/ylj9ddxm,spider-manmilesmoralesAny%.csv,-26.0
2025-05-05,1746403200.0,y6jpvl1m,baconguuy,1h 27m 57s,5277.0,https://www.speedrun.com/smmm/runs/y6jpvl1m,spider-manmilesmoralesAny%.csv,-40.0
2025-05-27,1748304000.0,y8gr4gxz,baconguuy,1h 27m 22s,5242.0,https://www.speedrun.com/smmm/runs/y8gr4gxz,spider-manmilesmoralesAny%.csv,-35.0
2025-06-16,1750032000.0,zx0o00gz,baconguuy,1h 26m 30s,5190.0,https://www.speedrun.com/smmm/runs/zx0o00gz,spider-manmilesmoralesAny%.csv,-52.0
